{
    "input_features_shape": [
        1,
        4378,
        128
    ],
    "mean": -7.185986518859863,
    "std": 4.311259746551514,
    "min": -11.512925148010254,
    "max": 6.371060371398926,
    "first_50": [
        -11.512925148010254,
        -3.797750949859619,
        -6.130712032318115,
        -4.509461402893066,
        -6.684779167175293,
        -6.888256072998047,
        -9.63390827178955,
        -8.506522178649902,
        -10.087974548339844,
        -9.027717590332031,
        -8.032021522521973,
        -8.016938209533691,
        -7.919042110443115,
        -8.859485626220703,
        -8.131110191345215,
        -9.036938667297363,
        -9.124923706054688,
        -8.098703384399414,
        -8.835719108581543,
        -8.671602249145508,
        -8.402254104614258,
        -9.513583183288574,
        -9.709505081176758,
        -11.512925148010254,
        -9.255058288574219,
        -9.338677406311035,
        -9.277663230895996,
        -8.950739860534668,
        -9.171066284179688,
        -9.01547622680664,
        -8.824458122253418,
        -8.809988975524902,
        -10.058256149291992,
        -11.512925148010254,
        -10.914190292358398,
        -10.886582374572754,
        -11.139970779418945,
        -11.512925148010254,
        -11.512925148010254,
        -11.512925148010254,
        -11.18478775024414,
        -9.607373237609863,
        -9.148308753967285,
        -9.820840835571289,
        -10.54755687713623,
        -9.831985473632812,
        -10.004683494567871,
        -11.387158393859863,
        -11.512925148010254,
        -11.512925148010254
    ]
}